Date_Time,Title,Url
"Oct 02, 2021, 22:53 ", ANA与其他机构合作推出少数族裔媒体名单,https://www.prnewswire.com/news-releases/anayu-qi-ta-ji-gou-he-zuo-tui-chu-shao-shu-zu-yi-mei-ti-ming-dan--857686249.html
"Oct 02, 2021, 22:32 ", ANA 的 AIMM 與 Nielsen 和 Media Framework 合作，推出期待已久的少數族裔擁有媒體名單，以加深對投資和影響力的了解,https://www.prnewswire.com/news-releases/ana-de-aimm-yu-nielsen-he-media-framework-he-zuo-tui-chu-qi-dai-yi-jiu-de-shao-shu-zu-yi-yong-you-mei-ti-ming-dan-yi-jia-shen-dui-tou-zi-he-ying-xiang-li-de-liao-jie--884597664.html
"Oct 02, 2021, 20:59 ", Cruise Planners Continues to Focus On the Future of Travel,https://www.prnewswire.com/news-releases/cruise-planners-continues-to-focus-on-the-future-of-travel-301391268.html
"Oct 02, 2021, 20:29 "," GLOBAL JAZZ MUSIC AWARDS, celebrating 100 years of Jazz coming in 2022",https://www.prnewswire.com/news-releases/global-jazz-music-awards-celebrating-100-years-of-jazz-coming-in-2022-301391267.html
"Oct 02, 2021, 18:06 ", AbbVie to Showcase New Data at the United European Gastroenterology (UEG) Week Virtual 2021,https://www.prnewswire.com/news-releases/abbvie-to-showcase-new-data-at-the-united-european-gastroenterology-ueg-week-virtual-2021-301391260.html
"Oct 02, 2021, 16:07 "," CaixaBank, juntamente com a start-up Revelock, está desenvolvendo uma solução de Inteligência Artificial para reforçar a segurança digital",https://www.prnewswire.com/news-releases/caixabank-juntamente-com-a-start-up-revelock-esta-desenvolvendo-uma-solucao-de-inteligencia-artificial-para-reforcar-a-seguranca-digital-829863514.html
"Oct 02, 2021, 15:21 ", Las camionetas ligeras American Honda encuentran una luz de esperanza en el desafiante tercer trimestre para la industria automotriz,https://www.prnewswire.com/news-releases/las-camionetas-ligeras-american-honda-encuentran-una-luz-de-esperanza-en-el-desafiante-tercer-trimestre-para-la-industria-automotriz-867359991.html
"Oct 02, 2021, 13:16 ", Janssen Announces Phase 2b Data Demonstrating its Investigational RSV Adult Vaccine Provided 80% Protection Against Lower Respiratory Infections in Older Adults,https://www.prnewswire.com/news-releases/janssen-announces-phase-2b-data-demonstrating-its-investigational-rsv-adult-vaccine-provided-80-protection-against-lower-respiratory-infections-in-older-adults-301391246.html
"Oct 02, 2021, 12:56 ", CITGO E-Recycle Day Keeps 6 Roll-Off Boxes of Unwanted Electronics Out of Landfills,https://www.prnewswire.com/news-releases/citgo-e-recycle-day-keeps-6-roll-off-boxes-of-unwanted-electronics-out-of-landfills-301391249.html
"Oct 02, 2021, 12:54 ", Automotive Crypto Company Carnomaly Honors Two Individuals' Cancer Battles with Special Paint Design at NASCAR Race,https://www.prnewswire.com/news-releases/automotive-crypto-company-carnomaly-honors-two-individuals-cancer-battles-with-special-paint-design-at-nascar-race-301391248.html
"Oct 02, 2021, 11:47 ", (PYPL) DEADLINE: Did You Suffer a Substantial Loss? Contact Johnson Fistel About Leading PayPal Class Action Lawsuit,https://www.prnewswire.com/news-releases/pypl-deadline-did-you-suffer-a-substantial-loss-contact-johnson-fistel-about-leading-paypal-class-action-lawsuit-301391240.html
"Oct 02, 2021, 11:14 ", (VIEW) DEADLINE: Did You Suffer a Substantial Loss? Contact Johnson Fistel About Leading View Class Action Lawsuit,https://www.prnewswire.com/news-releases/view-deadline-did-you-suffer-a-substantial-loss-contact-johnson-fistel-about-leading-view-class-action-lawsuit-301391238.html
"Oct 02, 2021, 10:56 "," Did You Acquire (VXRT) Before June 25, 2020? Johnson Fistel Investigates Vaxart; Should Management be Held Accountable for Investors Losses?",https://www.prnewswire.com/news-releases/did-you-acquire-vxrt-before-june-25-2020-johnson-fistel-investigates-vaxart-should-management-be-held-accountable-for-investors-losses-301391236.html
"Oct 02, 2021, 10:35 "," USD 130 Billion Growth expected in Steel Market by 2024 | 1,200+ Sourcing and Procurement Report | SpendEdge",https://www.prnewswire.com/news-releases/usd-130-billion-growth-expected-in-steel-market-by-2024--1-200-sourcing-and-procurement-report--spendedge-301389632.html
"Oct 02, 2021, 10:27 ", (HMLP) Alert: Did You Lose Money on Your Höegh LNG Partners LP Investment? Contact Johnson Fistel Regarding Investigation,https://www.prnewswire.com/news-releases/hmlp-alert-did-you-lose-money-on-your-hoegh-lng-partners-lp-investment-contact-johnson-fistel-regarding-investigation-301391231.html
"Oct 02, 2021, 10:10 ", (SMMT) Alert: Did You Lose Money on Your Summit Therapeutics Investment? Contact Johnson Fistel Regarding Investigation,https://www.prnewswire.com/news-releases/smmt-alert-did-you-lose-money-on-your-summit-therapeutics-investment-contact-johnson-fistel-regarding-investigation-301391229.html
"Oct 02, 2021, 09:56 "," IYM 2021 National Prep School Virtual Fair to Be Held Saturday, October 2, 2021 & Sunday, October 3, 2021 @ 9 AM EST - 6 PM EST",https://www.prnewswire.com/news-releases/iym-2021-national-prep-school-virtual-fair-to-be-held-saturday-october-2-2021--sunday-october-3-2021--9-am-est--6-pm-est-301391225.html
"Oct 02, 2021, 09:52 "," $ 11 Bn growth expected in Heat Pump Market between 2021 and 2025 | Analysing Growth in Industrial Machinery Industry | 17,000+ Technavio Research Reports",https://www.prnewswire.com/news-releases/-11-bn-growth-expected-in-heat-pump-market-between-2021-and-2025--analysing-growth-in-industrial-machinery-industry--17-000-technavio-research-reports-301391224.html
"Oct 02, 2021, 09:25 ", Fato relevante: Aprovada a incorporação da XPart pela XP Inc. em 01.10.2021,https://www.prnewswire.com/news-releases/fato-relevante-aprovada-a-incorporacao-da-xpart-pela-xp-inc-em-01-10-2021-814119261.html
"Oct 02, 2021, 09:25 "," Material Fact: XPart merger by XP Inc. was approved on October 1st, 2021",https://www.prnewswire.com/news-releases/material-fact-xpart-merger-by-xp-inc-was-approved-on-october-1st-2021-301391222.html
"Oct 02, 2021, 09:16 ", CCTF organizers Awalcon and Cryptall partner with EcoX to host the largest blockchain hacking event so far,https://www.prnewswire.com/news-releases/cctf-organizers-awalcon-and-cryptall-partner-with-ecox-to-host-the-largest-blockchain-hacking-event-so-far-301391221.html
"Oct 02, 2021, 09:05 ", HYZN DEADLINE: Hyzon Motors Inc. Investors with Substantial Losses Have Opportunity to Lead Class Action Lawsuit - HYZNW,https://www.prnewswire.com/news-releases/hyzn-deadline-hyzon-motors-inc-investors-with-substantial-losses-have-opportunity-to-lead-class-action-lawsuit---hyznw-301390104.html
"Oct 02, 2021, 09:00 "," Billionaire Bill Gross found Guilty, Given Jail Time, Assails Esteemed Judge",https://www.prnewswire.com/news-releases/billionaire-bill-gross-found-guilty-given-jail-time-assails-esteemed-judge-301391216.html
"Oct 02, 2021, 08:59 "," This Is a Test From PR Newswire, Please Disregard - CC",https://www.prnewswire.com/news-releases/this-is-a-test-from-pr-newswire-please-disregard---cc-301391219.html
"Oct 02, 2021, 07:21 ", RMI Releases Report that Maps the Pathway for China to Pursue Zero-Carbon Steel,https://www.prnewswire.com/news-releases/rmi-releases-report-that-maps-the-pathway-for-china-to-pursue-zero-carbon-steel-301391217.html
"Oct 02, 2021, 07:00 ", Portuguese Basketball: Betclic sponsor women's league on same terms as men's,https://www.prnewswire.com/news-releases/portuguese-basketball-betclic-sponsor-womens-league-on-same-terms-as-mens-301390155.html
"Oct 02, 2021, 06:30 ", Foundry and Forging Robots Market Records a CAGR of 5.04% by 2025 | 17000+ Technavio Reports,https://www.prnewswire.com/news-releases/foundry-and-forging-robots-market-records-a-cagr-of-5-04-by-2025--17000-technavio-reports-301389260.html
"Oct 02, 2021, 06:00 ", Amgen And Kyowa Kirin Present Positive Late-Breaking Data From Phase 2 Study Of AMG 451/KHK4083 In Adult Patients With Moderate-to-Severe Atopic Dermatitis At EADV Congress,https://www.prnewswire.com/news-releases/amgen-and-kyowa-kirin-present-positive-late-breaking-data-from-phase-2-study-of-amg-451khk4083-in-adult-patients-with-moderate-to-severe-atopic-dermatitis-at-eadv-congress-301391185.html
"Oct 02, 2021, 05:41 ", Verkada宣布安全摄像头捐赠计划,https://www.prnewswire.com/news-releases/verkadaxuan-bu-an-quan-she-xiang-tou-juan-zeng-ji-hua--862342412.html
"Oct 02, 2021, 05:38 ", Verkada 宣佈安全攝像頭捐贈計劃，以幫助打擊 AAPI 仇恨,https://www.prnewswire.com/news-releases/verkada-xuan-bu-an-quan-she-xiang-tou-juan-zeng-ji-hua-yi-bang-zhu-da-ji-aapi-chou-hen--877281462.html
"Oct 02, 2021, 05:30 ", Gum Market Records a CAGR of 3.42% by 2025 | New Product Launches to Boost Growth | 17000+ Technavio Reports,https://www.prnewswire.com/news-releases/gum-market-records-a-cagr-of-3-42-by-2025--new-product-launches-to-boost-growth--17000-technavio-reports-301389274.html
"Oct 02, 2021, 04:40 ", Hybrid and Electric Vehicle Fuses Market to grow at a CAGR of 27.49%| Increasing Electronic Content in Hybrid & Electric Vehicles to Boost Growth | Technavio,https://www.prnewswire.com/news-releases/hybrid-and-electric-vehicle-fuses-market-to-grow-at-a-cagr-of-27-49-increasing-electronic-content-in-hybrid--electric-vehicles-to-boost-growth--technavio-301389834.html
"Oct 02, 2021, 04:00 ", pep+ (PEPSICO POSITIVE) TAKES CENTER STAGE AT EXPO 2020 DUBAI OPENING DAY,https://www.prnewswire.com/news-releases/pep-pepsico-positive-takes-center-stage-at-expo-2020-dubai-opening-day-301391212.html
"Oct 02, 2021, 03:30 "," 8.16% CAGR to be Recorded in HMI Market between 2021 and 2025| 17,000+ Technavio Research Reports",https://www.prnewswire.com/news-releases/8-16-cagr--to-be-recorded-in-hmi-market-between-2021-and-2025-17-000-technavio-research-reports-301389695.html
"Oct 02, 2021, 02:30 ", Helicopter Tourism Market: 54% of Market Growth is Expected in North America by 2025 | Technavio,https://www.prnewswire.com/news-releases/helicopter-tourism-market-54-of-market-growth-is-expected-in-north-america-by-2025--technavio-301389224.html
"Oct 02, 2021, 01:30 ", Health and Wellness Food Market 2021|$362.15 Bn Incremental Growth is Expected During 2021-2025 | Increasing Adoption of Healthy Eating Habits to Boost Growth,https://www.prnewswire.com/news-releases/health-and-wellness-food-market-2021362-15-bn-incremental-growth-is-expected-during-2021-2025--increasing-adoption-of-healthy-eating-habits-to-boost-growth-301389793.html
"Oct 02, 2021, 00:20 ", SHAREHOLDER ALERT: Monteverde & Associates PC Announces an Investigation of MGM Growth Properties LLC - MGP,https://www.prnewswire.com/news-releases/shareholder-alert-monteverde--associates-pc-announces-an-investigation-of-mgm-growth-properties-llc--mgp-301391202.html
"Oct 02, 2021, 00:06 ", The Hot Topic at G2E 2021? The Future of AI for Casinos,https://www.prnewswire.com/news-releases/the-hot-topic-at-g2e-2021-the-future-of-ai-for-casinos-301391214.html
"Oct 01, 2021, 23:30 ", Geographic Information System Analytics Market | $ 13.21 mn Incremental Growth from 2021 to 2025 | 17000 + Technavio Reports,https://www.prnewswire.com/news-releases/geographic-information-system-analytics-market---13-21-mn-incremental-growth-from-2021-to-2025--17000--technavio-reports-301389692.html
"Oct 01, 2021, 23:20 ", SHAREHOLDER ALERT: Monteverde & Associates PC Announces an Investigation of Riverview Financial Corp. - RIVE,https://www.prnewswire.com/news-releases/shareholder-alert-monteverde--associates-pc-announces-an-investigation-of-riverview-financial-corp--rive-301391195.html
"Oct 01, 2021, 23:11 "," ProfNet Expert Alerts for October 01, 2021",https://www.prnewswire.com/news-releases/profnet-expert-alerts-for-october-01-2021-301391211.html
"Oct 01, 2021, 23:01 ", Secret Strongnode.io $SNE goes public as Top Decentralized Edge Network Leveraging Blockchain,https://www.prnewswire.com/news-releases/secret-strongnodeio-sne-goes-public-as-top-decentralized-edge-network-leveraging-blockchain-301391209.html
"Oct 01, 2021, 22:50 "," TIVITY HEALTH INVESTIGATION CONTINUED BY FORMER LOUISIANA ATTORNEY GENERAL: Kahn Swick & Foti, LLC Continues to Investigate the Officers and Directors of Tivity Health, Inc. - TVTY",https://www.prnewswire.com/news-releases/tivity-health-investigation-continued-by-former-louisiana-attorney-general--kahn-swick--foti-llc-continues-to-investigate-the-officers-and-directors-of-tivity-health-inc---tvty-301390180.html
"Oct 01, 2021, 22:44 "," SHAREHOLDER ALERT: Monteverde & Associates PC Announces an Investigation of Vine Energy, Inc. - VEI",https://www.prnewswire.com/news-releases/shareholder-alert-monteverde--associates-pc-announces-an-investigation-of-vine-energy-inc--vei-301391187.html
"Oct 01, 2021, 22:30 ", Laser Cutting Machine Market to record $851.39 Mn growth from 2021 to 2025| ALPHA LASER GmbH and AMADA Co. Ltd. among Key Vendors| Technavio,https://www.prnewswire.com/news-releases/laser-cutting-machine-market-to-record-851-39-mn-growth-from-2021-to-2025-alpha-laser-gmbh-and-amada-co-ltd-among-key-vendors-technavio-301389320.html
"Oct 01, 2021, 22:25 "," SHAREHOLDER ALERT: Monteverde & Associates PC Announces an Investigation of Old Second Bancorp, Inc. - OSBC",https://www.prnewswire.com/news-releases/shareholder-alert-monteverde--associates-pc-announces-an-investigation-of-old-second-bancorp-inc--osbc-301391188.html
"Oct 01, 2021, 22:06 ", Interfaith Organization Hosting Thousands of Spiritual Activists Online,https://www.prnewswire.com/news-releases/interfaith-organization-hosting-thousands-of-spiritual-activists-online-301391204.html
"Oct 01, 2021, 21:30 ", Rashmi Srikanth MD is recognized by Continental Who's Who,https://www.prnewswire.com/news-releases/rashmi-srikanth-md-is-recognized-by-continental-whos-who-301391200.html
"Oct 01, 2021, 21:24 ", TI Health CEO Honored with Top Women in Media Award,https://www.prnewswire.com/news-releases/ti-health-ceo-honored-with-top-women-in-media-award-301391198.html
"Oct 01, 2021, 21:22 "," Vishal M. Kothari, MD, FACS is recognized by Continental Who's Who",https://www.prnewswire.com/news-releases/vishal-m-kothari-md-facs-is-recognized-by-continental-whos-who-301391197.html
"Oct 01, 2021, 21:06 "," Richard Laurence Nass, MD, FACS is recognized by Continental Who's Who",https://www.prnewswire.com/news-releases/richard-laurence-nass-md-facs-is-recognized-by-continental-whos-who-301391193.html
"Oct 01, 2021, 21:05 "," John E. Toerge, DO is recognized by Continental Who's Who",https://www.prnewswire.com/news-releases/john-e-toerge-do-is-recognized-by-continental-whos-who-301391191.html
"Oct 01, 2021, 21:04 ", Gaming Arts To Feature A Historic Number Of New Games At G2E 2021,https://www.prnewswire.com/news-releases/gaming-arts-to-feature-a-historic-number-of-new-games-at-g2e-2021-301391189.html
"Oct 01, 2021, 21:02 "," UNAC/UHCP: 20,000 Plus Health Care Heroes Work Without a Contract; Kaiser Permanente Sits on Billions of Dollars; Threatens Future of Patient Care with Extreme Proposals",https://www.prnewswire.com/news-releases/unacuhcp-20-000-plus-health-care-heroes-work-without-a-contract-kaiser-permanente-sits-on-billions-of-dollars-threatens-future-of-patient-care-with-extreme-proposals-301391186.html
"Oct 01, 2021, 20:55 "," Tracy Wright, MD is recognized by Continental Who's Who",https://www.prnewswire.com/news-releases/tracy-wright-md-is-recognized-by-continental-whos-who-301390179.html
"Oct 01, 2021, 20:51 ", Aeroméxico files its Plan of Reorganization,https://www.prnewswire.com/news-releases/aeromexico-files-its-plan-of-reorganization-301391184.html
"Oct 01, 2021, 20:45 "," Cities Digital, Inc. Provides Notice of Data Security Incident Affecting Scanning Customers",https://www.prnewswire.com/news-releases/cities-digital-inc-provides-notice-of-data-security-incident-affecting-scanning-customers-301390087.html
"Oct 01, 2021, 20:35 "," ZYMERGEN 24 HOUR DEADLINE ALERT: FORMER LOUISIANA ATTORNEY GENERAL AND KAHN SWICK & FOTI, LLC REMIND INVESTORS WITH LOSSES IN EXCESS of $100,000 of Deadline in Class Action Lawsuit Against Zymergen Inc. - ZY",https://www.prnewswire.com/news-releases/zymergen-24-hour-deadline-alert-former-louisiana-attorney-general-and-kahn-swick--foti-llc-remind-investors-with-losses-in-excess-of-100-000-of-deadline-in-class-action-lawsuit-against-zymergen-inc---zy-301390161.html
"Oct 01, 2021, 20:30 ", Saw Blades Market to Record Growth of $700.46 Mn from 2021 to 2025|AKE Knebel GmbH & Co. KG and AMADA Co. Ltd. to emerge as Some of the Key Vendors| Technavio,https://www.prnewswire.com/news-releases/saw-blades-market-to-record-growth-of-700-46-mn-from-2021-to-2025ake-knebel-gmbh--co-kg-and-amada-co-ltd-to-emerge-as-some-of-the-key-vendors-technavio-301389326.html
"Oct 01, 2021, 20:21 "," SHAREHOLDER ALERT: WeissLaw LLP Reminds GWB, NLOK, SIC, and DVCR Shareholders About Its Ongoing Investigations",https://www.prnewswire.com/news-releases/shareholder-alert-weisslaw-llp-reminds-gwb-nlok-sic-and-dvcr-shareholders-about-its-ongoing-investigations-301390163.html
"Oct 01, 2021, 20:15 ", HYZN SHAREHOLDER CLASS ACTION ALERT: Bernstein Liebhard LLP Announces that a Securities Class Action Lawsuit Has Been Filed Against Hyzon Motors Inc. f/k/a Decarbonization Plus Acquisition Corporation.,https://www.prnewswire.com/news-releases/hyzn-shareholder-class-action-alert-bernstein-liebhard-llp-announces-that-a-securities-class-action-lawsuit-has-been-filed-against-hyzon-motors-inc-fka-decarbonization-plus-acquisition-corporation-301390159.html
"Oct 01, 2021, 19:55 "," ROSEN, TOP RANKED GLOBAL INVESTOR COUNSEL, Encourages Hyzon Motors Inc. f/k/a Decarbonization Plus Acquisition Corporation Investors with Losses in Excess of $100K to Secure Counsel Before Important Deadline in Securities Class Action - HYZN, HYZNW, DCRB, DCRBW, DCRBU",https://www.prnewswire.com/news-releases/rosen-top-ranked-global-investor-counsel-encourages-hyzon-motors-inc-fka-decarbonization-plus-acquisition-corporation-investors-with-losses-in-excess-of-100k-to-secure-counsel-before-important-deadline-in-securities-class-ac-301390157.html
"Oct 01, 2021, 19:46 ", Seeds of Fortune Expands Financial Aid and Scholarship Opportunities with New College Partnerships,https://www.prnewswire.com/news-releases/seeds-of-fortune-expands-financial-aid-and-scholarship-opportunities-with-new-college-partnerships-301390176.html
"Oct 01, 2021, 19:45 "," YALA FINAL DEADLINE NOTICE: ROSEN, A LEADING AND LONGSTANDING FIRM, Encourages Yalla Group Limited Investors with Losses in Excess of $100K to Secure Counsel Before Important October 12 Deadline in Securities Class Action - YALA",https://www.prnewswire.com/news-releases/yala-final-deadline-notice-rosen-a-leading-and-longstanding-firm-encourages-yalla-group-limited-investors-with-losses-in-excess-of-100k-to-secure-counsel-before-important-october-12-deadline-in-securities-class-action--yala-301390173.html
"Oct 01, 2021, 19:45 ", ACEP Statement on New Interim Final Rule to Implement Surprise Billing Legislation,https://www.prnewswire.com/news-releases/acep-statement-on-new-interim-final-rule-to-implement-surprise-billing-legislation-301390175.html
"Oct 01, 2021, 19:34 ", Xinhua Silk Road: Sofisticada marca de licor chinês Red Xifeng destaca-se na quinta edição da Cúpula da Next,https://www.prnewswire.com/news-releases/xinhua-silk-road-sofisticada-marca-de-licor-chines-red-xifeng-destaca-se-na-quinta-edicao-da-cupula-da-next-808536383.html
"Oct 01, 2021, 19:30 "," Metal Stamping Market Will Record CAGR of 3.54% from 2021 to 2025|17,000+ Technavio Reports",https://www.prnewswire.com/news-releases/metal-stamping-market-will-record-cagr-of-3-54-from-2021-to-202517-000-technavio-reports-301389333.html
"Oct 01, 2021, 19:30 "," Xinhua Silk Road: Red Xifeng, la marca china de licores de alta gama, se destaca en la quinta Cumbre NEXT",https://www.prnewswire.com/news-releases/xinhua-silk-road-red-xifeng-la-marca-china-de-licores-de-alta-gama-se-destaca-en-la-quinta-cumbre-next-815928298.html
"Oct 01, 2021, 19:24 ", Joy Spreader Group to Invest Additional HK$2.898 Million to Repurchase 1.178 Million of its Own Shares,https://www.prnewswire.com/news-releases/joy-spreader-group-to-invest-additional-hk2-898-million-to-repurchase-1-178-million-of-its-own-shares-301390171.html
"Oct 01, 2021, 19:22 ", Mazda informa sus resultados de ventas de septiembre,https://www.prnewswire.com/news-releases/mazda-informa-sus-resultados-de-ventas-de-septiembre-832327190.html
"Oct 01, 2021, 19:21 "," Joy Spreader Group Repurchases 989,000 of its Own Shares for HK$2.137 Million",https://www.prnewswire.com/news-releases/joy-spreader-group-repurchases-989-000-of-its-own-shares-for-hk2-137-million-301390169.html
"Oct 01, 2021, 19:16 ", It's Spooky Season at Cold Stone Creamery!,https://www.prnewswire.com/news-releases/its-spooky-season-at-cold-stone-creamery-301390167.html
"Oct 01, 2021, 19:07 ", NetImpact Wins the Ektropy Contract to Provide Agile Software Development and Sustainment for the Defense Health Agency (DHA),https://www.prnewswire.com/news-releases/netimpact-wins-the-ektropy-contract-to-provide-agile-software-development-and-sustainment-for-the-defense-health-agency-dha-301390166.html
"Oct 01, 2021, 19:00 ", Tony Curti Installed as President of National Association of Professional Insurance Agents,https://www.prnewswire.com/news-releases/tony-curti-installed-as-president-of-national-association-of-professional-insurance-agents-301390165.html
"Oct 01, 2021, 19:00 ", Hybrid Commercial Vehicle Market Size to Increase by 529.93 Thousand Units between 2021 and 2025 | Decreasing Prices of Li-Ion batteries to Drive Growth | Technavio,https://www.prnewswire.com/news-releases/hybrid-commercial-vehicle-market-size-to-increase-by-529-93-thousand-units-between-2021-and-2025--decreasing-prices-of-li-ion-batteries-to-drive-growth--technavio-301389355.html
"Oct 01, 2021, 18:39 "," LiveXLive's 70th Version Of Its Original Franchise LiveXLive Presents To Feature Performances By Common, Twista, Mario, Chloe Moriondo, Baynk, KOH, DJ Godfather, And Special Guests; Combined Social Media Following Over 30 Million",https://www.prnewswire.com/news-releases/livexlives-70th-version-of-its-original-franchise-livexlive-presents-to-feature-performances-by-common-twista-mario-chloe-moriondo-baynk-koh-dj-godfather-and-special-guests-combined-social-media-following-over-30-million-301390160.html
"Oct 01, 2021, 18:39 "," FINAL DEADLINE NOTICE: ROSEN, TRUSTED NATIONAL TRIAL COUNSEL, Encourages Dapper Labs, Inc. - NBA Top Shot Moments Investors with Losses in Excess of $100K to Secure Counsel Before Important October 5 Deadline in Securities Class Action Commenced by the Firm",https://www.prnewswire.com/news-releases/final-deadline-notice-rosen-trusted-national-trial-counsel-encourages-dapper-labs-inc--nba-top-shot-moments-investors-with-losses-in-excess-of-100k-to-secure-counsel-before-important-october-5-deadline-in-securities-class-a-301390065.html
"Oct 01, 2021, 18:30 "," Welding Equipment Market to Record Growth of $ 4.37 Bn between 2021 and 2025 | Discover Latest Trends, Market Share, and Evolving Opportunities | Technavio",https://www.prnewswire.com/news-releases/welding-equipment-market-to-record-growth-of--4-37-bn-between-2021-and-2025--discover-latest-trends-market-share-and-evolving-opportunities--technavio-301389691.html
"Oct 01, 2021, 18:28 "," El neurocirujano y psiquiatra francés, el doctor Alim Louis Benabid, recibe el Honda Prize 2021",https://www.prnewswire.com/news-releases/el-neurocirujano-y-psiquiatra-frances-el-doctor-alim-louis-benabid-recibe-el-honda-prize-2021-839503264.html
"Oct 01, 2021, 18:16 "," US Conec and Fujikura Announce a Licensing Agreement to Develop and Deliver Multi-sourced, Next-generation Very Small Form Factor MMC Multi-fiber Connectors and MDC Duplex Connectors",https://www.prnewswire.com/news-releases/us-conec-and-fujikura-announce-a-licensing-agreement-to-develop-and-deliver-multi-sourced-next-generation-very-small-form-factor-mmc-multi-fiber-connectors-and-mdc-duplex-connectors-301389616.html
"Oct 01, 2021, 18:14 ", The time has come to rethink state policy and increase drought resilience,https://www.prnewswire.com/news-releases/the-time-has-come-to-rethink-state-policy-and-increase-drought-resilience-301390149.html
"Oct 01, 2021, 18:13 ", Dynavax Reports Inducement Grants Under Nasdaq Listing Rule 5635(c)(4),https://www.prnewswire.com/news-releases/dynavax-reports-inducement-grants-under-nasdaq-listing-rule-5635c4-301390148.html
"Oct 01, 2021, 18:10 "," Med 7 LLC, announces the completion of a Sleep Study using Hempzorb81 Full Spectrum Hemp Oil.",https://www.prnewswire.com/news-releases/med-7-llc-announces-the-completion-of-a-sleep-study-using-hempzorb81-full-spectrum-hemp-oil-301390147.html
"Oct 01, 2021, 18:01 "," Celebrities, Champagne, and Cosmetic Demos at Red Carpet Grand Opening of Engineered Aesthetics",https://www.prnewswire.com/news-releases/celebrities-champagne-and-cosmetic-demos-at-red-carpet-grand-opening-of-engineered-aesthetics-301390145.html
"Oct 01, 2021, 18:00 "," Hydration Products Market to Record $ 231.39 Mn Growth between 2021-2025 | Market Share, Trends, Drivers, and Opportunity Assessment | Technavio",https://www.prnewswire.com/news-releases/hydration-products-market-to-record--231-39-mn-growth-between-2021-2025--market-share-trends-drivers-and-opportunity-assessment--technavio-301389303.html
"Oct 01, 2021, 18:00 ", Epilepsy Foundation of Texas Provides Notice of Privacy Event,https://www.prnewswire.com/news-releases/epilepsy-foundation-of-texas-provides-notice-of-privacy-event-301389718.html
"Oct 01, 2021, 17:52 ", Selecting Drugs with Patient's Cancer Tissue is Future of Pancreatic Cancer Treatment,https://www.prnewswire.com/news-releases/selecting-drugs-with-patients-cancer-tissue-is-future-of-pancreatic-cancer-treatment-301390140.html
"Oct 01, 2021, 17:45 ", APAC Employment Screening Services Market Expected to Grow at a CAGR of 4.3% From 2021 to 2028,https://www.prnewswire.com/news-releases/apac-employment-screening-services-market-expected-to-grow-at-a-cagr-of-4-3-from-2021-to-2028--301389964.html
"Oct 01, 2021, 17:42 ", American Healthcare REIT Formed Upon Completed Merger of Griffin-American Healthcare REIT III and Griffin-American Healthcare REIT IV and Acquisition of American Healthcare Investors,https://www.prnewswire.com/news-releases/american-healthcare-reit-formed-upon-completed-merger-of-griffin-american-healthcare-reit-iii-and-griffin-american-healthcare-reit-iv-and-acquisition-of-american-healthcare-investors-301390138.html
"Oct 01, 2021, 17:41 "," Healthcare Trust Prices Public Offering of 3,200,000 Shares of 7.125% Series B Cumulative Redeemable Perpetual Preferred Stock",https://www.prnewswire.com/news-releases/healthcare-trust-prices-public-offering-of-3-200-000-shares-of-7-125-series-b-cumulative-redeemable-perpetual-preferred-stock-301390137.html
"Oct 01, 2021, 17:40 ", Khiron's Announces Resignation of Chief Financial Officer Swapan Kakumanu of RTB LLP appointed as Interim CFO,https://www.prnewswire.com/news-releases/khirons-announces-resignation-of-chief-financial-officer-swapan-kakumanu-of-rtb-llp-appointed-as-interim-cfo-301390135.html
"Oct 01, 2021, 17:38 "," Viking Kicks Off Inaugural China Coastal Cruise From Shenzhen With Chinese-Flagged Ship ""CM-Yidun""",https://www.prnewswire.com/news-releases/viking-kicks-off-inaugural-china-coastal-cruise-from-shenzhen-with-chinese-flagged-ship-cm-yidun-301390133.html
"Oct 01, 2021, 17:38 ", Xinhua Silk Road: Sofisticada marca de licor chinês Red Xifeng destaca-se na quinta edição da Cúpula da Next,https://www.prnewswire.com/news-releases/xinhua-silk-road-sofisticada-marca-de-licor-chines-red-xifeng-destaca-se-na-quinta-edicao-da-cupula-da-next-890578365.html
"Oct 01, 2021, 17:36 ", CoinGeek Cocktail Party,https://www.prnewswire.com/news-releases/coingeek-cocktail-party-301390131.html
"Oct 01, 2021, 17:30 ", Healthcare IT Market to Record Growth of $ 121.75 Bn between 2021 and 2025 | North America to Occupy 46% Market Share | Technavio,https://www.prnewswire.com/news-releases/healthcare-it-market-to-record-growth-of--121-75-bn-between-2021-and-2025--north-america-to-occupy-46-market-share--technavio-301389315.html
"Oct 01, 2021, 17:30 "," CoastalSouth Banchshares, Inc. Completes Acquisition of Cornerstone Bancshares, Inc.",https://www.prnewswire.com/news-releases/coastalsouth-banchshares-inc-completes-acquisition-of-cornerstone-bancshares-inc-301390066.html
"Oct 01, 2021, 17:30 "," Global Nylon Market Size, Share & Trends Analysis 2021-2028 | Nylon 6 Accounts for Highest Revenue Share",https://www.prnewswire.com/news-releases/global-nylon-market-size-share--trends-analysis-2021-2028--nylon-6-accounts-for-highest-revenue-share-301389960.html
"Oct 01, 2021, 17:23 ", Organismo de Certificação de Produto (OCP) trará agilidade para a CBC no lançamento de munições e armas no mercado brasileiro,https://www.prnewswire.com/news-releases/organismo-de-certificacao-de-produto-ocp-trara-agilidade-para-a-cbc-no-lancamento-de-municoes-e-armas-no-mercado-brasileiro-837495784.html
"Oct 01, 2021, 17:23 ", Columbus Physicians Recognized for Excellence in Senior Patient Care Honored During National Primary Care Week Oct. 4-8,https://www.prnewswire.com/news-releases/columbus-physicians-recognized-for-excellence-in-senior-patient-care-honored-during-national-primary-care-week-oct-4-8-301390125.html
"Oct 01, 2021, 17:22 ", Norfolk Southern to Announce Q3 2021 Earnings on October 27,https://www.prnewswire.com/news-releases/norfolk-southern-to-announce-q3-2021-earnings-call-on-october-27-301390124.html
"Oct 01, 2021, 17:17 ", Cooperation zones facilitate development across the Guangdong-Hong Kong-Macao Greater Bay Area,https://www.prnewswire.com/news-releases/cooperation-zones-facilitate-development-across-the-guangdong-hong-kong-macao-greater-bay-area-301390123.html
"Oct 01, 2021, 17:15 ", United States Imaging Services Market Size to Reach $192.1 Billion by 2028 Says Research Report,https://www.prnewswire.com/news-releases/united-states-imaging-services-market-size-to-reach-192-1-billion-by-2028-says-research-report-301389849.html
"Oct 01, 2021, 17:11 ", Impulsa C&A el contra una moda sustentable; by Juan Carlos Machorro,https://www.prnewswire.com/news-releases/impulsa-c-amp-a-el-contra-una-moda-sustentable-by-juan-carlos-machorro-842392300.html
"Oct 01, 2021, 17:08 "," Olympic Champion Endorses New Xiaomi Civi Smartphone, in Fourth Navitas-Xiaomi Collaboration",https://www.prnewswire.com/news-releases/olympic-champion-endorses-new-xiaomi-civi-smartphone-in-fourth-navitas-xiaomi-collaboration-301390119.html
"Oct 01, 2021, 17:04 ", O3 Mining Acquires 80% Interest in the Centremaque Property Located on Its Alpha Property,https://www.prnewswire.com/news-releases/o3-mining-acquires-80-interest-in-the-centremaque-property-located-on-its-alpha-property-301390118.html
"Oct 01, 2021, 17:00 ", BridgeBio Pharma Announces Updated Phase 2B Data for Encaleret in Autosomal Dominant Hypocalcemia Type 1 (ADH1) Demonstrating Blood and Urine Calcium Normalization in Trial Participants,https://www.prnewswire.com/news-releases/bridgebio-pharma-announces-updated-phase-2b-data-for-encaleret-in-autosomal-dominant-hypocalcemia-type-1-adh1-demonstrating-blood-and-urine-calcium-normalization-in-trial-participants-301390042.html
"Oct 01, 2021, 17:00 ", Apply Now: National Scholarship Application for Community College Students Transferring to a Four-Year College in Fall 2022,https://www.prnewswire.com/news-releases/apply-now-national-scholarship-application-for-community-college-students-transferring-to-a-four-year-college-in-fall-2022-301390081.html
"Oct 01, 2021, 17:00 "," Global Smart Home Market and Ecosystem 2021-2026 with Leadership Mapping and Profiles of Key Players such as Honeywell, Siemens, and Johnson Controls",https://www.prnewswire.com/news-releases/global-smart-home-market-and-ecosystem-2021-2026-with-leadership-mapping-and-profiles-of-key-players-such-as-honeywell-siemens-and-johnson-controls-301389837.html
"Oct 01, 2021, 17:00 "," Pareteum Corporation Announces Review of Strategic Alternatives, Engagement of FTI Capital Advisors",https://www.prnewswire.com/news-releases/pareteum-corporation-announces-review-of-strategic-alternatives-engagement-of-fti-capital-advisors-301390109.html
"Oct 01, 2021, 17:00 ", HVAC Valves Market to Record $ 1.69 Bn Growth between 2021 and 2025 | Analyzing Growth in Industrial Machinery Industry | Technavio,https://www.prnewswire.com/news-releases/hvac-valves-market-to-record--1-69-bn-growth-between-2021-and-2025--analyzing-growth-in-industrial-machinery-industry--technavio-301389324.html
"Oct 01, 2021, 16:52 ", Informatica Files Registration Statement for Proposed Initial Public Offering,https://www.prnewswire.com/news-releases/informatica-files-registration-statement-for-proposed-initial-public-offering-301390111.html
"Oct 01, 2021, 16:50 ", ­­­­­­­­­­­­­Ace Hardware Ranks #4 On Franchise Times' Top 400 List,https://www.prnewswire.com/news-releases/ace-hardware-ranks-4-on-franchise-times-top-400-list-301390110.html
"Oct 01, 2021, 16:47 ", Health Gorilla and Optimity Partner to Enhance Insurance Carriers Risk Assessment and Customer Engagement Capabilities,https://www.prnewswire.com/news-releases/health-gorilla-and-optimity-partner-to-enhance-insurance-carriers-risk-assessment-and-customer-engagement-capabilities-301390108.html
"Oct 01, 2021, 16:45 "," WDH Reminder: Kessler Topaz Meltzer & Check, LLP - Deadline Reminder for Waterdrop Inc. Investors",https://www.prnewswire.com/news-releases/wdh-reminder-kessler-topaz-meltzer--check-llp---deadline-reminder-for-waterdrop-inc-investors-301389910.html
"Oct 01, 2021, 16:45 "," Global Opioid Addiction Market Forecast to 2026 | Pipeline, Epidemiology, Drug Sales, Market Shares",https://www.prnewswire.com/news-releases/global-opioid-addiction-market-forecast-to-2026--pipeline-epidemiology-drug-sales-market-shares-301389831.html
"Oct 01, 2021, 16:43 ", Metalla Completes Acquisition of 5% Royalty on Equinox Gold's Castle Mountain Gold Mine,https://www.prnewswire.com/news-releases/metalla-completes-acquisition-of-5-royalty-on-equinox-golds-castle-mountain-gold-mine-301390107.html
"Oct 01, 2021, 16:41 ", John Hancock Closed-end Funds Declare Monthly Distributions,https://www.prnewswire.com/news-releases/john-hancock-closed-end-funds-declare-monthly-distributions-301390105.html
"Oct 01, 2021, 16:36 ", La marca china de licores de alta gama Red Xifeng brilla en la quinta edición de Next Summit,https://www.prnewswire.com/news-releases/la-marca-china-de-licores-de-alta-gama-red-xifeng-brilla-en-la-quinta-edicion-de-next-summit-853177361.html
"Oct 01, 2021, 16:35 "," Duke Energy Ohio proposes new customer benefits; requests electric distribution rate review as it continues grid, service improvements",https://www.prnewswire.com/news-releases/duke-energy-ohio-proposes-new-customer-benefits-requests-electric-distribution-rate-review-as-it-continues-grid-service-improvements-301390089.html
"Oct 01, 2021, 16:35 ", Nucor Affiliates Announce Two Acquisitions,https://www.prnewswire.com/news-releases/nucor-affiliates-announce-two-acquisitions-301390102.html
"Oct 01, 2021, 16:30 "," Certain Virtus Closed-End Funds Declare Monthly Distributions: AIO, NCV, NCZ, CBH, and ACV",https://www.prnewswire.com/news-releases/certain-virtus-closed-end-funds-declare-monthly-distributions-aio-ncv-ncz-cbh-and-acv-301390024.html
"Oct 01, 2021, 16:30 "," Global Clinical Trial Imaging Market Report 2021 to 2028 Featuring Market Players such as ICON, Bioclinica, Navitas Life Sciences, and Paraxel International",https://www.prnewswire.com/news-releases/global-clinical-trial-imaging-market-report-2021-to-2028-featuring-market-players-such-as-icon-bioclinica-navitas-life-sciences-and-paraxel-international-301389827.html
"Oct 01, 2021, 16:30 ", Principal Real Estate Income Fund Increases Its Monthly Distributions 2.94% To $0.0875 Per Share,https://www.prnewswire.com/news-releases/principal-real-estate-income-fund-increases-its-monthly-distributions-2-94-to-0-0875-per-share-301389820.html
"Oct 01, 2021, 16:30 ", Inaccess Signs Global Framework Agreement With Total Eren,https://www.prnewswire.com/news-releases/inaccess-signs-global-framework-agreement-with-total-eren-301390079.html
"Oct 01, 2021, 16:25 ", Federal officials seize spices and food additive products held under insanitary conditions from a Florida warehouse,https://www.prnewswire.com/news-releases/federal-officials-seize-spices-and-food-additive-products-held-under-insanitary-conditions-from-a-florida-warehouse-301390096.html
"Oct 01, 2021, 16:25 ", Class-Action Settlement Reached to Resolve University Pay Equity Allegations,https://www.prnewswire.com/news-releases/class-action-settlement-reached-to-resolve-university-pay-equity-allegations-301390097.html
"Oct 01, 2021, 16:20 ", Beyond Protocol and Cage the Elephant Frontman Matthew Ray Shultz Will Bring Unhackable Blockchain to Performances,https://www.prnewswire.com/news-releases/beyond-protocol-and-cage-the-elephant-frontman-matthew-ray-shultz-will-bring-unhackable-blockchain-to-performances-301390095.html
"Oct 01, 2021, 16:19 "," On National Fire Pup Day, Kidde Announces Its First Fire Service Dog of the Year",https://www.prnewswire.com/news-releases/on-national-fire-pup-day-kidde-announces-its-first-fire-service-dog-of-the-year-301390091.html
"Oct 01, 2021, 16:19 ", Acoustic Research Systems (ARS) Breaks All New Ground in Mission Critical Testing,https://www.prnewswire.com/news-releases/acoustic-research-systems-ars-breaks-all-new-ground-in-mission-critical-testing-301390092.html
"Oct 01, 2021, 16:15 ", MongoDB Announces Redemption of All of Its Outstanding Convertible Senior Notes due 2024,https://www.prnewswire.com/news-releases/mongodb-announces-redemption-of-all-of-its-outstanding-convertible-senior-notes-due-2024-301390002.html
"Oct 01, 2021, 16:15 ", Crown Holdings Announces Intention To Settle Its U.K. Pension Plan Obligations,https://www.prnewswire.com/news-releases/crown-holdings-announces-intention-to-settle-its-uk-pension-plan-obligations-301389891.html
"Oct 01, 2021, 16:15 ", The Synthetic Leather Market Size is Anticipated to Reach a Worldwide Value of USD 57.0 Billion by 2028,https://www.prnewswire.com/news-releases/the-synthetic-leather-market-size-is-anticipated-to-reach-a-worldwide-value-of-usd-57-0-billion-by-2028--301389821.html
"Oct 01, 2021, 16:15 "," Continental Resources To Announce Third Quarter 2021 Results On Monday, November 1, 2021",https://www.prnewswire.com/news-releases/continental-resources-to-announce-third-quarter-2021-results-on-monday-november-1-2021-301389999.html
"Oct 01, 2021, 16:11 "," SEIU-UHW: Hundreds of Sutter Delta Healthcare Workers to Strike Over Short Staffing, Unfair Labor Practices",https://www.prnewswire.com/news-releases/seiu-uhw-hundreds-of-sutter-delta-healthcare-workers-to-strike-over-short-staffing-unfair-labor-practices-301390085.html
"Oct 01, 2021, 16:06 "," STAG Industrial To Report Third Quarter 2021 Results October 28, 2021",https://www.prnewswire.com/news-releases/stag-industrial-to-report-third-quarter-2021-results-october-28-2021-301390000.html
"Oct 01, 2021, 16:05 ", AxonPrime Infrastructure Acquisition Corporation Announces Class A Common Stock and Warrants to Commence Separate Trading,https://www.prnewswire.com/news-releases/axonprime-infrastructure-acquisition-corporation-announces-class-a-common-stock-and-warrants-to-commence-separate-trading-301390062.html
"Oct 01, 2021, 16:05 "," Calamos Investments Closed-End Funds (NASDAQ: CHI, CHY, CSQ, CGO, CHW, CCD and CPZ) Announce Monthly Distributions and Required Notifications of Sources of Distribution",https://www.prnewswire.com/news-releases/calamos-investments-closed-end-funds-nasdaq-chi-chy-csq-cgo-chw-ccd-and-cpz-announce-monthly-distributions-and-required-notifications-of-sources-of-distribution-301390074.html
"Oct 01, 2021, 16:05 ", Eiger BioPharmaceuticals Reports Inducement Grant Under Nasdaq Listing Rule 5635(C)(4),https://www.prnewswire.com/news-releases/eiger-biopharmaceuticals-reports-inducement-grant-under-nasdaq-listing-rule-5635c4-301390048.html
"Oct 01, 2021, 16:05 ", Alamo Group Inc. Declares Regular Quarterly Dividend,https://www.prnewswire.com/news-releases/alamo-group-inc-declares-regular-quarterly-dividend-301389993.html
"Oct 01, 2021, 16:05 ", CTI BioPharma Announces Topline Data from Final Analysis of the PRE-VENT Clinical Trial Evaluating Pacritinib as a Treatment for Severe COVID-19,https://www.prnewswire.com/news-releases/cti-biopharma-announces-topline-data-from-final-analysis-of-the-pre-vent-clinical-trial-evaluating-pacritinib-as-a-treatment-for-severe-covid-19-301390078.html
"Oct 01, 2021, 16:05 ", Akebia Therapeutics Reports Inducement Grants Under Nasdaq Listing Rule 5635(c)(4),https://www.prnewswire.com/news-releases/akebia-therapeutics-reports-inducement-grants-under-nasdaq-listing-rule-5635c4-301390010.html
"Oct 01, 2021, 16:05 ", Karyopharm Therapeutics Reports Inducement Grants Under Nasdaq Listing Rule 5635(c)(4),https://www.prnewswire.com/news-releases/karyopharm-therapeutics-reports-inducement-grants-under-nasdaq-listing-rule-5635c4-301389419.html
"Oct 01, 2021, 16:02 ", Thornburg Income Builder Opportunities Trust Announces Distribution,https://www.prnewswire.com/news-releases/thornburg-income-builder-opportunities-trust-announces-distribution-301390058.html
"Oct 01, 2021, 16:02 "," Společnost Huawei na summitu TECH4ALL vyzvala globální partnery, aby se připojili k iniciativě pro digitální začleňování",https://www.prnewswire.com/news-releases/spolecnost-huawei-na-summitu-tech4all-vyzvala-globalni-partnery-aby-se-pripojili-k-iniciative-pro-digitalni-zaclenovani-857674563.html
"Oct 01, 2021, 16:01 ", Fábio Fernandes estreia na lista de mais vendidos da Veja,https://www.prnewswire.com/news-releases/fabio-fernandes-estreia-na-lista-de-mais-vendidos-da-veja-875535915.html
"Oct 01, 2021, 16:01 "," Kensington Capital Acquisition Corp. II And Wallbox Announce Closing Of Business Combination; Wallbox To Trade On NYSE Under Ticker ""WBX"" Beginning On October 4",https://www.prnewswire.com/news-releases/kensington-capital-acquisition-corp-ii-and-wallbox-announce-closing-of-business-combination-wallbox-to-trade-on-nyse-under-ticker-wbx-beginning-on-october-4-301390061.html
"Oct 01, 2021, 16:00 ", Synthetic Vitamin E: Global Market Insights and Outlook 2017-2026,https://www.prnewswire.com/news-releases/synthetic-vitamin-e-global-market-insights-and-outlook-2017-2026-301389811.html
"Oct 01, 2021, 16:00 ", PriceSmart Announces Sale of Aeropost Package Forwarding and Marketplace Businesses,https://www.prnewswire.com/news-releases/pricesmart-announces-sale-of-aeropost-package-forwarding-and-marketplace-businesses-301389992.html
"Oct 01, 2021, 15:59 ", CITGO Increases Existing Accounts Receivable Securitization Facility,https://www.prnewswire.com/news-releases/citgo-increases-existing-accounts-receivable-securitization-facility-301390073.html
"Oct 01, 2021, 15:56 ", BOX Pure Air Strikes Additional Deals With North Carolina Private Schools to Provide Air Solutions for Large Areas Such as Gymnasiums and Cafeterias as COVID-19 Cases are Trending Up,https://www.prnewswire.com/news-releases/box-pure-air-strikes-additional-deals-with-north-carolina-private-schools-to-provide-air-solutions-for-large-areas-such-as-gymnasiums-and-cafeterias-as-covid-19-cases-are-trending-up-301390069.html
"Oct 01, 2021, 15:55 ", DDB Chicago Announces Chief Strategy Officer,https://www.prnewswire.com/news-releases/ddb-chicago-announces-chief-strategy-officer-301390068.html
"Oct 01, 2021, 15:54 ", Choose Your Own Adventure® Announces Funniest Gamebook Ever,https://www.prnewswire.com/news-releases/choose-your-own-adventure-announces-funniest-gamebook-ever-301390067.html
"Oct 01, 2021, 15:51 "," Fenner™ Precision Polymers Advances Its Growth Strategy with the Acquisition of Metal Conveyor Belt Manufacturer, Lumsden Corporation",https://www.prnewswire.com/news-releases/fenner-precision-polymers-advances-its-growth-strategy-with-the-acquisition-of-metal-conveyor-belt-manufacturer-lumsden-corporation-301390060.html
"Oct 01, 2021, 15:51 ", ABF Freight to Host Cincinnati Area Hiring Event,https://www.prnewswire.com/news-releases/abf-freight-to-host-cincinnati-area-hiring-event-301390059.html
"Oct 01, 2021, 15:49 ", FYZICAL Therapy & Balance Centers Joins Meals on Wheels America's Momentum Circle,https://www.prnewswire.com/news-releases/fyzical-therapy--balance-centers-joins-meals-on-wheels-americas-momentum-circle-301390057.html
"Oct 01, 2021, 15:47 ", Magic Abounds as Walt Disney World Resort Begins 50th Anniversary Celebration,https://www.prnewswire.com/news-releases/magic-abounds-as-walt-disney-world-resort-begins-50th-anniversary-celebration-301390055.html
"Oct 01, 2021, 15:47 ", REGENXBIO Presents Positive Initial Data from Phase II AAVIATE® Trial of RGX-314 for the Treatment of Wet AMD Using Suprachoroidal Delivery and Provides Trial Update at Retina Society 54th Annual Scientific Meeting,https://www.prnewswire.com/news-releases/regenxbio-presents-positive-initial-data-from-phase-ii-aaviate-trial-of-rgx-314-for-the-treatment-of-wet-amd-using-suprachoroidal-delivery-and-provides-trial-update-at-retina-society-54th-annual-scientific-meeting-301390016.html
"Oct 01, 2021, 15:45 ", ABF Freight to Host Minneapolis Area Hiring Event,https://www.prnewswire.com/news-releases/abf-freight-to-host-minneapolis-area-hiring-event-301390054.html
"Oct 01, 2021, 15:45 "," World Nanocellulose Market Report 2021: Profiles of 100+ Cellulose Nanofiber, Cellulose Nanocrystal and Bacterial Nanocellulose Companies",https://www.prnewswire.com/news-releases/world-nanocellulose-market-report-2021-profiles-of-100-cellulose-nanofiber-cellulose-nanocrystal-and-bacterial-nanocellulose-companies-301389791.html
"Oct 01, 2021, 15:42 "," Swvl Unveils ""Right To Mobility"" ESG Strategy And Launches New Sustainability Initiatives",https://www.prnewswire.com/news-releases/swvl-unveils-right-to-mobility-esg-strategy-and-launches-new-sustainability-initiatives-301390052.html
"Oct 01, 2021, 15:40 "," Popeyes' ""#ChickenWars"" Wins the Grand Effie at the 2021 U.S. Effie Awards",https://www.prnewswire.com/news-releases/popeyes-chickenwars-wins-the-grand-effie-at-the-2021-us-effie-awards-301390051.html
"Oct 01, 2021, 15:39 ", LeadIQ Raises $30M Series B led by Cathay Innovation to Make Sales Teams Hyper Efficient,https://www.prnewswire.com/news-releases/leadiq-raises-30m-series-b-led-by-cathay-innovation-to-make-sales-teams-hyper-efficient-301390049.html
"Oct 01, 2021, 15:33 ", Mobile Device Management Market Will Have an Incremental CAGR of 12.22% by 2025 | SpendEdge,https://www.prnewswire.com/news-releases/mobile-device-management-market-will-have-an-incremental-cagr-of-12-22-by-2025--spendedge-301389072.html
"Oct 01, 2021, 15:31 ", National Forest Foundation and Seattle-based B2B marketing agency UviaUs announce partnership,https://www.prnewswire.com/news-releases/national-forest-foundation-and-seattle-based-b2b-marketing-agency-uviaus-announce-partnership-301390040.html
"Oct 01, 2021, 15:30 "," IEI Announces New Office Location in the Detroit, Michigan Market",https://www.prnewswire.com/news-releases/iei-announces-new-office-location-in-the-detroit-michigan-market-301390018.html
"Oct 01, 2021, 15:30 ", DEMDACO-OneCoast Agreement Comes to an End,https://www.prnewswire.com/news-releases/demdaco-onecoast-agreement-comes-to-an-end-301390030.html
"Oct 01, 2021, 15:30 "," C.A.R. statement on enactment of SB 539 (Hertzberg), a Proposition 19-related measure",https://www.prnewswire.com/news-releases/car-statement-on-enactment-of-sb-539-hertzberg-a-proposition-19-related-measure-301390036.html
"Oct 01, 2021, 15:30 ", The United States Active Nutraceuticals Ingredients Market is Projected to Grow With a Significant CAGR Between 2021 and 2026,https://www.prnewswire.com/news-releases/the-united-states-active-nutraceuticals-ingredients-market-is-projected-to-grow-with-a-significant-cagr-between-2021-and-2026-301389784.html
"Oct 01, 2021, 15:30 ", BizVibe Highlights Key Challenges Facing the Warehousing and Storage Industry | Monitor Business Risk and View Company Insights,https://www.prnewswire.com/news-releases/bizvibe-highlights-key-challenges-facing-the-warehousing-and-storage-industry--monitor-business-risk-and-view-company-insights-301386954.html
"Oct 01, 2021, 15:30 ", BizVibe Highlights Key Challenges Facing the Hunting and Trapping Industry | Monitor Business Risk and View Company Insights,https://www.prnewswire.com/news-releases/bizvibe-highlights-key-challenges-facing-the-hunting-and-trapping-industry--monitor-business-risk-and-view-company-insights-301386942.html
"Oct 01, 2021, 15:23 "," Subaru Of America, Inc. Reports September Sales",https://www.prnewswire.com/news-releases/subaru-of-america-inc-reports-september-sales-301390034.html
"Oct 01, 2021, 15:21 ", ExpoGenealogía resalta el uso de la tecnología para conectar con nuestros antepasados,https://www.prnewswire.com/news-releases/expogenealogia-resalta-el-uso-de-la-tecnologia-para-conectar-con-nuestros-antepasados-897737243.html
"Oct 01, 2021, 15:17 ", FDA to Hold Advisory Committee Meetings to Discuss Emergency Use Authorization for Booster Doses and COVID-19 Vaccines for Younger Children,https://www.prnewswire.com/news-releases/fda-to-hold-advisory-committee-meetings-to-discuss-emergency-use-authorization-for-booster-doses-and-covid-19-vaccines-for-younger-children-301390026.html
"Oct 01, 2021, 15:17 "," Deere, UAW reach tentative agreement",https://www.prnewswire.com/news-releases/deere-uaw-reach-tentative-agreement-301390029.html
"Oct 01, 2021, 15:17 ", IPC Systems Announces Comprehensive Agreement to Reduce Debt and Provide Significant Equity Capital to Support Long-Term Business Plan,https://www.prnewswire.com/news-releases/ipc-systems-announces-comprehensive-agreement-to-reduce-debt-and-provide-significant-equity-capital-to-support-long-term-business-plan-301390028.html
"Oct 01, 2021, 15:15 ", University of Maryland Dedicates Pyon-Chen Residence Hall,https://www.prnewswire.com/news-releases/university-of-maryland-dedicates-pyon-chen-residence-hall-301389929.html
"Oct 01, 2021, 15:15 "," The World Mattress Industry 2011-2020 & 2021-2022 | Production, Consumption, Imports & Exports, Trade Flows, Country Analysis, Profiles of Leading Manufacturers, Key Retailers & Suppliers",https://www.prnewswire.com/news-releases/the-world-mattress-industry-2011-2020--2021-2022--production-consumption-imports--exports-trade-flows-country-analysis-profiles-of-leading-manufacturers-key-retailers--suppliers-301389776.html
"Oct 01, 2021, 15:12 ", Dionisio Gutiérrez analiza los desafíos de Latinoamérica en República Dominicana,https://www.prnewswire.com/news-releases/dionisio-gutierrez-analiza-los-desafios-de-latinoamerica-en-republica-dominicana-865112928.html
"Oct 01, 2021, 15:12 ", American Honda Light Trucks Find Silver Lining in Challenging 3rd Quarter for Auto Industry,https://www.prnewswire.com/news-releases/american-honda-light-trucks-find-silver-lining-in-challenging-3rd-quarter-for-auto-industry-301390021.html
"Oct 01, 2021, 15:12 ", Dionisio Gutiérrez analyzes the challenges of Latin America in the Dominican Republic,https://www.prnewswire.com/news-releases/dionisio-gutierrez-analyzes-the-challenges-of-latin-america-in-the-dominican-republic-301390020.html
"Oct 01, 2021, 15:11 ", Cable One Opens Applications for Charitable Giving Fund to Support Local Nonprofit Organizations,https://www.prnewswire.com/news-releases/cable-one-opens-applications-for-charitable-giving-fund-to-support-local-nonprofit-organizations-301390017.html
"Oct 01, 2021, 15:07 ", Richard Orsinger Selected to Texas Bar Association's Hall of Legends,https://www.prnewswire.com/news-releases/richard-orsinger-selected-to-texas-bar-associations-hall-of-legends-301390013.html
"Oct 01, 2021, 15:01 ", Lucerne Capital Management encourage la poursuite des rachats d'actions chez Intertrust,https://www.prnewswire.com/news-releases/lucerne-capital-management-encourage-la-poursuite-des-rachats-d-actions-chez-intertrust-806618997.html
"Oct 01, 2021, 15:00 ", UK Healthcare Market 2021: Likely Impact of Government Funding Announcement and NHS Strategy of Integrated Care,https://www.prnewswire.com/news-releases/uk-healthcare-market-2021-likely-impact-of-government-funding-announcement-and-nhs-strategy-of-integrated-care-301389772.html
"Oct 01, 2021, 15:00 ", NASA TV Coverage Set for Russian Film Production Launch,https://www.prnewswire.com/news-releases/nasa-tv-coverage-set-for-russian-film-production-launch-301390009.html
"Oct 01, 2021, 14:58 "," SHAREHOLDER INVESTIGATION: Halper Sadeh LLP Investigates XLRN, ADTN, DSPG, KDMN; Shareholders are Encouraged to Contact the Firm",https://www.prnewswire.com/news-releases/shareholder-investigation-halper-sadeh-llp-investigates-xlrn-adtn-dspg-kdmn-shareholders-are-encouraged-to-contact-the-firm-301389920.html
"Oct 01, 2021, 14:56 ", Alcohólicos Anónimos: Mujeres hispanas en AA comparten experiencias de esperanza y recuperación,https://www.prnewswire.com/news-releases/alcoholicos-anonimos-mujeres-hispanas-en-aa-comparten-experiencias-de-esperanza-y-recuperacion-877078820.html
"Oct 01, 2021, 14:56 "," SHAREHOLDER INVESTIGATION: Halper Sadeh LLP Investigates ECHO, GSKY, GWB, NOTV; Shareholders are Encouraged to Contact the Firm",https://www.prnewswire.com/news-releases/shareholder-investigation-halper-sadeh-llp-investigates-echo-gsky-gwb-notv-shareholders-are-encouraged-to-contact-the-firm-301389878.html
"Oct 01, 2021, 14:45 ", 2021 Comparative SWOT & Strategy Focus Report on the Worldwide Top 6 Agriculture Equipment Manufacturers,https://www.prnewswire.com/news-releases/2021-comparative-swot--strategy-focus-report-on-the-worldwide-top-6-agriculture-equipment-manufacturers-301389807.html
"Oct 01, 2021, 14:44 ", Vanguard completes acquisition of Just Invest,https://www.prnewswire.com/news-releases/vanguard-completes-acquisition-of-just-invest-301390003.html
"Oct 01, 2021, 14:38 ", Lucerne Capital Management ermutigt zu weiteren Aktienrückkäufen bei Intertrust,https://www.prnewswire.com/news-releases/lucerne-capital-management-ermutigt-zu-weiteren-aktienruckkaufen-bei-intertrust-811581389.html
"Oct 01, 2021, 14:34 ", October is American Humane's Adopt-a-Dog Month®,https://www.prnewswire.com/news-releases/october-is-american-humanes-adopt-a-dog-month-301390001.html
"Oct 01, 2021, 14:31 ", Parallel Breaks Ground On New Apartment Project In Columbus,https://www.prnewswire.com/news-releases/parallel-breaks-ground-on-new-apartment-project-in-columbus-301389950.html
"Oct 01, 2021, 14:30 "," Blue Ridge Bankshares, Inc. Named to Piper Sandler Sm-All Stars Class of 2021",https://www.prnewswire.com/news-releases/blue-ridge-bankshares-inc-named-to-piper-sandler-sm-all-stars-class-of-2021-301389996.html
"Oct 01, 2021, 14:30 ", Congresso Brasileiro de Reumatologia discute o impacto das doenças reumatológicas em tempos de COVID,https://www.prnewswire.com/news-releases/congresso-brasileiro-de-reumatologia-discute-o-impacto-das-doencas-reumatologicas-em-tempos-de-covid-855457816.html
"Oct 01, 2021, 14:30 "," Worldwide Multiplex Assay Industry to 2028 - by Product & Service, Type, Application. Technology, Industrial Verticals and Region",https://www.prnewswire.com/news-releases/worldwide-multiplex-assay-industry-to-2028---by-product--service-type-application-technology-industrial-verticals-and-region-301389800.html
"Oct 01, 2021, 14:28 ", Untapped Global partners with Paga to boost digital payments for Nigerian SMEs,https://www.prnewswire.com/news-releases/untapped-global-partners-with-paga-to-boost-digital-payments-for-nigerian-smes-301389998.html
"Oct 01, 2021, 14:25 ", Entenmann's® Launches Modified Packaging To Keep Favorites On Retailers' Shelves,https://www.prnewswire.com/news-releases/entenmanns-launches-modified-packaging-to-keep-favorites-on-retailers-shelves-301389997.html
"Oct 01, 2021, 14:22 ", Introducing a New Scholarship for First-Generation College Students,https://www.prnewswire.com/news-releases/introducing-a-new-scholarship-for-first-generation-college-students-301389995.html
"Oct 01, 2021, 14:21 ", BAL Welcomes Immigration Luminary Jeff Joseph as New Partner,https://www.prnewswire.com/news-releases/bal-welcomes-immigration-luminary-jeff-joseph-as-new-partner-301389994.html
"Oct 01, 2021, 14:21 ", BAL Welcomes Immigration Luminary Jeff Joseph as New Partner,https://www.prnewswire.com/news-releases/bal-welcomes-immigration-luminary-jeff-joseph-as-new-partner-301389994.html
"Oct 01, 2021, 14:16 ", LSINC PeriQ360 Wins PRINTING United Alliance 2021 Pinnacle Product Award for Direct to Shape Printers (not flatbed),https://www.prnewswire.com/news-releases/lsinc-periq360-wins-printing-united-alliance-2021-pinnacle-product-award-for-direct-to-shape-printers-not-flatbed-301389991.html
"Oct 01, 2021, 14:15 ", Accelerate Chicago aimed at tackling unemployment in the city with new opportunities for underserved communities,https://www.prnewswire.com/news-releases/accelerate-chicago-aimed-at-tackling-unemployment-in-the-city-with-new-opportunities-for-underserved-communities-301389988.html
"Oct 01, 2021, 14:15 ", The Worldwide Enterprise Communications Platform as a Service Industry is Expected to Reach $47+ Billion by 2027,https://www.prnewswire.com/news-releases/the-worldwide-enterprise-communications-platform-as-a-service-industry-is-expected-to-reach-47-billion-by-2027-301389795.html
"Oct 01, 2021, 14:14 ", Společnost Shanghai Electric představí na Expo 2020 v Dubaji řešení pro inteligentní energetiku a výrobu,https://www.prnewswire.com/news-releases/spolecnost-shanghai-electric-predstavi-na-expo-2020-v-dubaji-reseni-pro-inteligentni-energetiku-a-vyrobu-845605305.html
"Oct 01, 2021, 14:13 "," Schweiger Dermatology Group Announces Acquisition of the Warmuth Institute of Dermatology in Elmer and Swedesboro, New Jersey",https://www.prnewswire.com/news-releases/schweiger-dermatology-group-announces-acquisition-of-the-warmuth-institute-of-dermatology-in-elmer-and-swedesboro-new-jersey-301389990.html
"Oct 01, 2021, 14:12 ", Ascend Wellness Holdings Expands Vertically Integrated Footprint in Ohio,https://www.prnewswire.com/news-releases/ascend-wellness-holdings-expands-vertically-integrated-footprint-in-ohio-301389989.html
"Oct 01, 2021, 14:11 ", Arizonans Support New Copper Production for American Energy Independence and a Clean Electricity-Fueled Future,https://www.prnewswire.com/news-releases/arizonans-support-new-copper-production-for-american-energy-independence-and-a-clean-electricity-fueled-future-301389987.html
"Oct 01, 2021, 14:11 ", Understanding the Risks of Work-Related COPD,https://www.prnewswire.com/news-releases/understanding-the-risks-of-work-related-copd-301389919.html
"Oct 01, 2021, 14:10 "," Raise a Brow for International Brow Day on Oct. 2 with Reema Khan, World Famous Brow Makeover Artist and International ""Queen of Brows""",https://www.prnewswire.com/news-releases/raise-a-brow-for-international-brow-day-on-oct-2-with-reema-khan-world-famous-brow-makeover-artist-and-international-queen-of-brows-301389986.html
"Oct 01, 2021, 14:10 ", Experienced corporate attorney Edward A. Reilly joins McDonald Hopkins,https://www.prnewswire.com/news-releases/experienced-corporate-attorney-edward-a-reilly-joins-mcdonald-hopkins-301389984.html
"Oct 01, 2021, 14:07 ", Avail Dermatology Joins Epiphany Dermatology,https://www.prnewswire.com/news-releases/avail-dermatology-joins-epiphany-dermatology-301389985.html
"Oct 01, 2021, 14:05 "," Conley, Gambill, Muska, and Weinberg elected to membership of McDonald Hopkins LLC",https://www.prnewswire.com/news-releases/conley-gambill-muska-and-weinberg-elected-to-membership-of-mcdonald-hopkins-llc-301389981.html
"Oct 01, 2021, 14:02 ", PNC Declares Dividend Of $1.25 On Common Stock,https://www.prnewswire.com/news-releases/pnc-declares-dividend-of-1-25-on-common-stock-301389980.html
"Oct 01, 2021, 14:00 "," Worldwide B2B Payments Market 2021: American Express, Capital One, Paypal and Stripe Dominate",https://www.prnewswire.com/news-releases/worldwide-b2b-payments-market-2021-american-express-capital-one-paypal-and-stripe-dominate-301389779.html
"Oct 01, 2021, 13:59 ", Revalize Announces Appointment of Delivery Team Leaders,https://www.prnewswire.com/news-releases/revalize-announces-appointment-of-delivery-team-leaders-301389978.html
"Oct 01, 2021, 13:58 "," White Lodging and Purdue University enhance relationship, honor J.W. 'Bill' Marriott, Jr.",https://www.prnewswire.com/news-releases/white-lodging-and-purdue-university-enhance-relationship-honor-jw-bill-marriott-jr-301389977.html
"Oct 01, 2021, 13:58 ", Branford Castle gallops ahead with winning transaction!,https://www.prnewswire.com/news-releases/branford-castle-gallops-ahead-with-winning-transaction-301389976.html
"Oct 01, 2021, 13:56 ", Deadline Looms for Federal Contractors to Protect $592 Billion in Revenue by Proving Their Employees are Vaccinated,https://www.prnewswire.com/news-releases/deadline-looms-for-federal-contractors-to-protect-592-billion-in-revenue-by-proving-their-employees-are-vaccinated-301389975.html
"Oct 01, 2021, 13:54 "," iWound® USA and iWound® Canada Collaborates with Archangel™ Mercy, LLC. to Transform How and Where Wounds are Healed",https://www.prnewswire.com/news-releases/iwound-usa-and-iwound-canada-collaborates-with-archangel-mercy-llc-to-transform-how-and-where-wounds-are-healed-301389973.html
"Oct 01, 2021, 13:53 ", Statement From Attorneys Patrick Mincey And Phil Brewster,https://www.prnewswire.com/news-releases/statement-from-attorneys-patrick-mincey-and-phil-brewster-301389972.html
"Oct 01, 2021, 13:50 ", FAIR: New ICE Enforcement Priorities Endanger Public Safety,https://www.prnewswire.com/news-releases/fair-new-ice-enforcement-priorities-endanger-public-safety-301389971.html
"Oct 01, 2021, 13:45 "," Global Home Energy Management System Market 2021: Nest, GE, Vivint and Nergyhub Dominate",https://www.prnewswire.com/news-releases/global-home-energy-management-system-market-2021-nest-ge-vivint-and-nergyhub-dominate-301389789.html
"Oct 01, 2021, 13:45 "," Hilliard Martinez Gonzales, LLP: Court Denies NCAA, UNM And Head Coach Davie's Motion To Dismiss In Player Suicide",https://www.prnewswire.com/news-releases/hilliard-martinez-gonzales-llp-court-denies-ncaa-unm-and-head-coach-davies-motion-to-dismiss-in-player-suicide-301389968.html
"Oct 01, 2021, 13:41 "," SHAREHOLDER ALERT: Monteverde & Associates PC Announces an Investigation of Select Interior Concepts, Inc. - SIC",https://www.prnewswire.com/news-releases/shareholder-alert-monteverde--associates-pc-announces-an-investigation-of-select-interior-concepts-inc--sic-301389917.html
"Oct 01, 2021, 13:41 ", TRHC Continues to Experience PACE Growth,https://www.prnewswire.com/news-releases/trhc-continues-to-experience-pace-growth-301389967.html
"Oct 01, 2021, 13:38 ", Tech Impact Unveils New ITWorks Training Hub On Wilmington Riverfront,https://www.prnewswire.com/news-releases/tech-impact-unveils-new-itworks-training-hub-on-wilmington-riverfront-301389966.html
"Oct 01, 2021, 13:38 "," RichMusic, el sello discográfico latino independiente con sede en Miami, estrena el nuevo sencillo y video del remix de ""Sal y Perrea"", tema de Sech junto a las superestrellas internacionales Daddy Yankee y J Balvin",https://www.prnewswire.com/news-releases/richmusic-el-sello-discografico-latino-independiente-con-sede-en-miami-estrena-el-nuevo-sencillo-y-video-del-remix-de-sal-y-perrea-tema-de-sech-junto-a-las-superestrellas-internacionales-daddy-yankee-y-j-balvin-805218203.html
"Oct 01, 2021, 13:32 "," OPPLE Lighting destacó en la Expo 2020 de Dubai, mostrando al mundo la ""Luz de China""",https://www.prnewswire.com/news-releases/opple-lighting-destaco-en-la-expo-2020-de-dubai-mostrando-al-mundo-la-luz-de-china--858828564.html
"Oct 01, 2021, 13:31 "," West Coast Care's successful ""Street & Sand"" approach to addressing homelessness in Santa Monica to be recognized as grassroots org expands into Pacific Palisades, Venice Beach and Marina del Rey",https://www.prnewswire.com/news-releases/west-coast-cares-successful-street--sand-approach-to-addressing-homelessness-in-santa-monica-to-be-recognized-as-grassroots-org-expands-into-pacific-palisades-venice-beach-and-marina-del-rey-301389963.html
"Oct 01, 2021, 13:31 ", American Garden Rose Selections™ Announces 2022 Winners,https://www.prnewswire.com/news-releases/american-garden-rose-selections-announces-2022-winners-301389944.html
"Oct 01, 2021, 13:30 ", Distribution Dates and Amounts Announced for Eaton Vance Closed-End Funds,https://www.prnewswire.com/news-releases/distribution-dates-and-amounts-announced-for-eaton-vance-closed-end-funds-301389962.html
"Oct 01, 2021, 13:30 ", Jungheinrich cria política comercial inédita para a redução da emissão de gases causadores do efeito estufa,https://www.prnewswire.com/news-releases/jungheinrich-cria-politica-comercial-inedita-para-a-reducao-da-emissao-de-gases-causadores-do-efeito-estufa-868917786.html
"Oct 01, 2021, 13:30 "," OPPLE Lighting präsentiert sich auf der Expo 2020 in Dubai und zeigt der Welt das „Licht Chinas""",https://www.prnewswire.com/news-releases/opple-lighting-prasentiert-sich-auf-der-expo-2020-in-dubai-und-zeigt-der-welt-das-licht-chinas--820715457.html
"Oct 01, 2021, 13:30 ", Global Pressure Ulcers Treatment Market 2021-2026 to Register a CAGR of 6.3%,https://www.prnewswire.com/news-releases/global-pressure-ulcers-treatment-market-2021-2026-to-register-a-cagr-of-6-3-301389780.html
"Oct 01, 2021, 13:29 ", Virginia's Sportsbooks Make Gains Ahead of Football Season,https://www.prnewswire.com/news-releases/virginias-sportsbooks-make-gains-ahead-of-football-season-301389961.html
"Oct 01, 2021, 13:28 "," OPPLE Lighting a été mis en avant lors de l'Exposition universelle 2020 de Dubaï, révélant au monde la « lumière de la Chine »",https://www.prnewswire.com/news-releases/opple-lighting-a-ete-mis-en-avant-lors-de-l-exposition-universelle-2020-de-dubai-revelant-au-monde-la-lumiere-de-la-chine--802685079.html
"Oct 01, 2021, 13:26 ", Court Rules in Eurofins Viracor's favor in Patent Infringement Case,https://www.prnewswire.com/news-releases/court-rules-in-eurofins-viracors-favor-in-patent-infringement-case-301389958.html
"Oct 01, 2021, 13:25 "," CATO SMS benoemt vice-president regelgevingsstrategie, cel- en gentherapie",https://www.prnewswire.com/news-releases/cato-sms-benoemt-vice-president-regelgevingsstrategie-cel-en-gentherapie-808615564.html
"Oct 01, 2021, 13:23 "," CATO SMS ernennt Vizepräsident für Regulierungsstrategie, Zell- und Gentherapie",https://www.prnewswire.com/news-releases/cato-sms-ernennt-vizeprasident-fur-regulierungsstrategie-zell-und-gentherapie-883057364.html
"Oct 01, 2021, 13:23 ", News Conference: Teamsters Local 320 VS. Minnesota Judicial Branch Court File 62-CV-21-5146,https://www.prnewswire.com/news-releases/news-conference-teamsters-local-320-vs-minnesota-judicial-branch-court-file-62-cv-21-5146-301389955.html
"Oct 01, 2021, 13:22 ", Home Is Where the Heart Is: Zulily Partners with Habitat for Humanity to Increase Access to Affordable Homeownership,https://www.prnewswire.com/news-releases/home-is-where-the-heart-is-zulily-partners-with-habitat-for-humanity-to-increase-access-to-affordable-homeownership-301389954.html
"Oct 01, 2021, 13:21 "," BICO has entered into an agreement to acquire QInstruments, a market leader in advanced sample preparation automation for biomedical and life science research and clinical diagnostics",https://www.prnewswire.com/news-releases/bico-has-entered-into-an-agreement-to-acquire-qinstruments-a-market-leader-in-advanced-sample-preparation-automation-for-biomedical-and-life-science-research-and-clinical-diagnostics-301389953.html
"Oct 01, 2021, 13:21 "," CATO SMS nomme une vice-présidente de la stratégie réglementaire, de la thérapie cellulaire et génique",https://www.prnewswire.com/news-releases/cato-sms-nomme-une-vice-presidente-de-la-strategie-reglementaire-de-la-therapie-cellulaire-et-genique-874169929.html
"Oct 01, 2021, 13:18 ", CBMM | Niobium проводит конференцию по новым технологиям производства аккумуляторов,https://www.prnewswire.com/news-releases/cbmm-niobium-provodit-konferentsiiu-po-novym-tekhnologiiam-proizvodstva-akkumuliatorov-823228419.html
"Oct 01, 2021, 13:16 ", Bitcoin of America Becomes New Entitlement Sponsor of The Chicago Blackhawks Radio Post-Game Show,https://www.prnewswire.com/news-releases/bitcoin-of-america-becomes-new-entitlement-sponsor-of-the-chicago-blackhawks-radio-post-game-show-301389951.html
"Oct 01, 2021, 13:16 ", Sun Life U.S. announces philanthropic support for diversity education and racial justice organizations around the country,https://www.prnewswire.com/news-releases/sun-life-us-announces-philanthropic-support-for-diversity-education-and-racial-justice-organizations-around-the-country-301389952.html
"Oct 01, 2021, 13:16 ", CBMM | Niobium fördert internationale Veranstaltung über neue Batterietechnologien,https://www.prnewswire.com/news-releases/cbmm-niobium-fordert-internationale-veranstaltung-uber-neue-batterietechnologien-899013637.html
"Oct 01, 2021, 13:15 ", FCA Reports Third-quarter 2021 U.S. Sales,https://www.prnewswire.com/news-releases/fca-reports-third-quarter-2021-us-sales-301389948.html
"Oct 01, 2021, 13:15 ", All-New 2022 Outlander Sets Records As Mitsubishi Motors North America Announces Third-Quarter 2021 Sales,https://www.prnewswire.com/news-releases/all-new-2022-outlander-sets-records-as-mitsubishi-motors-north-america-announces-third-quarter-2021-sales-301389947.html
"Oct 01, 2021, 13:15 ", Forbes recognizes Sun Life as one of America's best dental insurers,https://www.prnewswire.com/news-releases/forbes-recognizes-sun-life-as-one-of-americas-best-dental-insurers-301389949.html
"Oct 01, 2021, 13:15 "," The 2021 Migraine Industry: Global Insights Into the Pipeline, Epidemiology, Drug Sales, and Market Shares with Forecasts to 2026",https://www.prnewswire.com/news-releases/the-2021-migraine-industry-global-insights-into-the-pipeline-epidemiology-drug-sales-and-market-shares-with-forecasts-to-2026-301389770.html
"Oct 01, 2021, 13:14 ", AIP Becomes Owner Of Aluminium Dunkerque,https://www.prnewswire.com/news-releases/aip-becomes-owner-of-aluminium-dunkerque-301389945.html
"Oct 01, 2021, 13:14 ", Lightspeed Announces Closing of Acquisition of Ecwid,https://www.prnewswire.com/news-releases/lightspeed-announces-closing-of-acquisition-of-ecwid-301389946.html
"Oct 01, 2021, 13:14 ", CBMM | Niobium fait la promotion d'un événement international sur les nouvelles technologies de batteries,https://www.prnewswire.com/news-releases/cbmm-niobium-fait-la-promotion-d-un-evenement-international-sur-les-nouvelles-technologies-de-batteries-867688235.html
"Oct 01, 2021, 13:12 "," Kun, le concept-car de SAIC Motor, dévoilé à l'Expo de Dubaï",https://www.prnewswire.com/news-releases/kun-le-concept-car-de-saic-motor-devoile-a-l-expo-de-dubai-815741617.html
"Oct 01, 2021, 13:11 "," Das Konzertfahrzeug „Kun"" von SAIC Motor wird auf der Expo Dubai vorgestellt",https://www.prnewswire.com/news-releases/das-konzertfahrzeug-kun-von-saic-motor-wird-auf-der-expo-dubai-vorgestellt-876302823.html
"Oct 01, 2021, 13:10 ", US LBM Acquires Texas' Oldham Lumber,https://www.prnewswire.com/news-releases/us-lbm-acquires-texas-oldham-lumber-301389943.html
"Oct 01, 2021, 13:10 ", Kick.io veröffentlicht ein Krypto IDO Launchpad für Cardano Projekte,https://www.prnewswire.com/news-releases/kick-io-veroffentlicht-ein-krypto-ido-launchpad-fur-cardano-projekte-895649129.html
"Oct 01, 2021, 13:10 ", Tentrr & Coleman Create Ultimate Camping Experience,https://www.prnewswire.com/news-releases/tentrr--coleman-create-ultimate-camping-experience-301389932.html
"Oct 01, 2021, 13:08 ", Kick.io propose une rampe de lancement crypto pour une IDO destinée aux projets Cardano,https://www.prnewswire.com/news-releases/kick-io-propose-une-rampe-de-lancement-crypto-pour-une-ido-destinee-aux-projets-cardano-820926010.html
"Oct 01, 2021, 13:08 ", ATAVISMO: un llamado ancestral,https://www.prnewswire.com/news-releases/atavismo-un-llamado-ancestral-846373467.html
"Oct 01, 2021, 13:04 ", Virtual Marketplace For Indiana Housing Unveiled,https://www.prnewswire.com/news-releases/virtual-marketplace-for-indiana-housing-unveiled-301389939.html
"Oct 01, 2021, 13:02 ", BGL Announces the Sale of Peoria Disposal Company to GFL Environmental,https://www.prnewswire.com/news-releases/bgl-announces-the-sale-of-peoria-disposal-company-to-gfl-environmental-301389937.html
"Oct 01, 2021, 13:01 ", MFG Day Highlights Climate Change Opportunities,https://www.prnewswire.com/news-releases/mfg-day-highlights-climate-change-opportunities-301389935.html
"Oct 01, 2021, 13:01 ", Hexagon completes the acquisition of Infor's EAM business and has resolved on an issue in kind,https://www.prnewswire.com/news-releases/hexagon-completes-the-acquisition-of-infors-eam-business-and-has-resolved-on-an-issue-in-kind-301389936.html
"Oct 01, 2021, 13:00 ", Transdermal Drug Delivery - Global Market Trajectory Following COVID-19 Pandemic,https://www.prnewswire.com/news-releases/transdermal-drug-delivery---global-market-trajectory-following-covid-19-pandemic-301389759.html
"Oct 01, 2021, 13:00 ", Coworking de saúde não é responsável legal pelos atendimentos,https://www.prnewswire.com/news-releases/coworking-de-saude-nao-e-responsavel-legal-pelos-atendimentos-887079231.html
"Oct 01, 2021, 13:00 "," Imperial PFS Introduces Quivit, a Gamechanger for the Insurance Industry",https://www.prnewswire.com/news-releases/imperial-pfs-introduces-quivit-a-gamechanger-for-the-insurance-industry-301389899.html
"Oct 01, 2021, 12:59 ", Xinhua Silk Road: High-end Chinese liquor brand Red Xifeng outshines at fifth Next Summit,https://www.prnewswire.com/news-releases/xinhua-silk-road-high-end-chinese-liquor-brand-red-xifeng-outshines-at-fifth-next-summit-301389933.html
"Oct 01, 2021, 12:52 ", National PTA Launches Healthy Minds Program to Help Families Prioritize Mental Health,https://www.prnewswire.com/news-releases/national-pta-launches-healthy-minds-program-to-help-families-prioritize-mental-health-301389928.html
"Oct 01, 2021, 12:51 ", Nature's One Leads Baby Food & Formula Category by Eliminating Toxins,https://www.prnewswire.com/news-releases/natures-one-leads-baby-food--formula-category-by-eliminating-toxins-301389927.html
"Oct 01, 2021, 12:51 ", Table Trac will showcase its Patented Mobile App and KioskTrac Mobile at Global Gaming Expo in Las Vegas,https://www.prnewswire.com/news-releases/table-trac-will-showcase-its-patented-mobile-app-and-kiosktrac-mobile-at-global-gaming-expo-in-las-vegas-301389926.html
"Oct 01, 2021, 12:49 ", Transfix CCO Sophie Dabbs to Host FreightWaves Webinar on Strategies For Navigating the Supply Chain this Holiday Season,https://www.prnewswire.com/news-releases/transfix-cco-sophie-dabbs-to-host-freightwaves-webinar-on-strategies-for-navigating-the-supply-chain-this-holiday-season-301389925.html
"Oct 01, 2021, 12:45 "," Global Consumer Electronics & Home Appliances Market (2021 to 2026) - by Type, Distribution Channel and Geography",https://www.prnewswire.com/news-releases/global-consumer-electronics--home-appliances-market-2021-to-2026---by-type-distribution-channel-and-geography-301389763.html
"Oct 01, 2021, 12:44 "," Burke & Herbert Bank Selects Local Non-Profit for ""Scores for Kids"" Donation",https://www.prnewswire.com/news-releases/burke--herbert-bank-selects-local-non-profit-for-scores-for-kids-donation-301389924.html
"Oct 01, 2021, 12:36 "," Esports Technologies Announces Conference Call on Monday, October 4th at 4pm Eastern, to Discuss Planned Acquisition of Aspire Global's B2C Business",https://www.prnewswire.com/news-releases/esports-technologies-announces-conference-call-on-monday-october-4th-at-4pm-eastern-to-discuss-planned-acquisition-of-aspire-globals-b2c-business-301389922.html
"Oct 01, 2021, 12:33 ", SimioCloud Launches Constituent Data Platform Functionality,https://www.prnewswire.com/news-releases/simiocloud-launches-constituent-data-platform-functionality-301389921.html
"Oct 01, 2021, 12:30 "," Global Horticultural Lighting Market Demand Assessment 2018-2023 by Light Source, Application and Region with Profiles of 20 Key Players",https://www.prnewswire.com/news-releases/global-horticultural-lighting-market-demand-assessment-2018-2023-by-light-source-application-and-region-with-profiles-of-20-key-players-301389756.html
"Oct 01, 2021, 12:30 "," Oldcastle Infrastructure Enhances Solutions Offering with National Pipe & Plastics, Inc. Acquisition",https://www.prnewswire.com/news-releases/oldcastle-infrastructure-enhances-solutions-offering-with-national-pipe--plastics-inc-acquisition-301389813.html
"Oct 01, 2021, 12:28 ", Mobilitas Insurance and Lyft Expand Commercial Insurance Partnership,https://www.prnewswire.com/news-releases/mobilitas-insurance-and-lyft-expand-commercial-insurance-partnership-301389918.html
"Oct 01, 2021, 12:28 ", Delivering Jobs Partners With Creative Team Behind Milk Mustache Ads For Riveting New Campaign To Increase Neurodiversity In The Workplace,https://www.prnewswire.com/news-releases/delivering-jobs-partners-with-creative-team-behind-milk-mustache-ads-for-riveting-new-campaign-to-increase-neurodiversity-in-the-workplace-301389916.html
"Oct 01, 2021, 12:25 ", CliniComp Awarded Contract for Clinical Information System Expansion at VA Medical Centers in the U.S. MidSouth Region,https://www.prnewswire.com/news-releases/clinicomp-awarded-contract-for-clinical-information-system-expansion-at-va-medical-centers-in-the-us-midsouth-region-301389396.html
"Oct 01, 2021, 12:24 ", Dallas ISD Providing Notice of Cybersecurity Breach of District Data,https://www.prnewswire.com/news-releases/dallas-isd-providing-notice-of-cybersecurity-breach-of-district-data-873948146.html
"Oct 01, 2021, 12:24 "," Decof Barry Mega & Quinn, P.C. Wins Rhode Island's 1st Civil Jury Trial Since Pandemic's Start",https://www.prnewswire.com/news-releases/decof-barry-mega--quinn-pc-wins-rhode-islands-1st-civil-jury-trial-since-pandemics-start-301389915.html
"Oct 01, 2021, 12:23 ", Maire Tecnimont Group (MT.MI) conclut un accord avec Greenfield Nitrogen LLC pour le développement d'une usine d'ammoniac vert aux États-Unis,https://www.prnewswire.com/news-releases/maire-tecnimont-group-mt-mi-conclut-un-accord-avec-greenfield-nitrogen-llc-pour-le-developpement-d-une-usine-d-ammoniac-vert-aux-etats-unis-874447357.html
"Oct 01, 2021, 12:22 ", Astro Babies Reimagining the NFT World by Landing on Planet Solana,https://www.prnewswire.com/news-releases/astro-babies-reimagining-the-nft-world-by-landing-on-planet-solana-301389914.html
"Oct 01, 2021, 12:18 "," Miami-Based Independent Latin Record Label RichMusic Drops New Single and Video of ""Sal y Perrea"" Remix by Original Artist Sech alongside Global Superstars Daddy Yankee and J Balvin",https://www.prnewswire.com/news-releases/miami-based-independent-latin-record-label-richmusic-drops-new-single-and-video-of-sal-y-perrea-remix-by-original-artist-sech-alongside-global-superstars-daddy-yankee-and-j-balvin-301389913.html
"Oct 01, 2021, 12:15 "," Invesco Dynamic Credit Opportunities Fund, Invesco High Income Trust II, and Invesco Senior Income Trust Declare Dividends",https://www.prnewswire.com/news-releases/invesco-dynamic-credit-opportunities-fund-invesco-high-income-trust-ii-and-invesco-senior-income-trust-declare-dividends-301389895.html
"Oct 01, 2021, 12:15 ", Invesco Closed-End Funds Declare Dividends,https://www.prnewswire.com/news-releases/invesco-closed-end-funds-declare-dividends-301389905.html
"Oct 01, 2021, 12:15 ", Trane Technologies Wins Gold Stevie Award for Great Employers by Focusing on Employee Wellbeing,https://www.prnewswire.com/news-releases/trane-technologies-wins-gold-stevie-award-for-great-employers-by-focusing-on-employee-wellbeing-301389912.html
"Oct 01, 2021, 12:15 ", Global SiC Fibers Industry Worth $2.5+ Billion by 2031 - Increasing Demand for Lightweight Fibers in the Aerospace & Defense Industry,https://www.prnewswire.com/news-releases/global-sic-fibers-industry-worth-2-5-billion-by-2031---increasing-demand-for-lightweight-fibers-in-the-aerospace--defense-industry-301389752.html
"Oct 01, 2021, 12:14 ", Mazda Reports September Sales Results,https://www.prnewswire.com/news-releases/mazda-reports-september-sales-results-301389911.html
"Oct 01, 2021, 12:10 ", Peak Fintech Completes Acquisition of Analytics and AI Company Cubeler Inc.,https://www.prnewswire.com/news-releases/peak-fintech-completes-acquisition-of-analytics-and-ai-company-cubeler-inc-301389907.html
"Oct 01, 2021, 12:08 "," Steward Partners Global Advisory Welcomes O'Hare Wealth Management, a $420 Million Team in Wisconsin",https://www.prnewswire.com/news-releases/steward-partners-global-advisory-welcomes-ohare-wealth-management-a-420-million-team-in-wisconsin-301389906.html
"Oct 01, 2021, 12:05 ", AutoLeap Announces $18 Million Series A Funding Led By Bain Capital Ventures,https://www.prnewswire.com/news-releases/autoleap-announces-18-million-series-a-funding-led-by-bain-capital-ventures-301389828.html
"Oct 01, 2021, 12:00 ", TigerConnect Highlighted in KLAS Research 2021 Report on Clinical Communication Platforms for Ease of Use,https://www.prnewswire.com/news-releases/tigerconnect-highlighted-in-klas-research-2021-report-on-clinical-communication-platforms-for-ease-of-use-301389897.html
"Oct 01, 2021, 12:00 ", Nutriband Inc. Prices $6.6 million Public Offering and Announces Uplisting to the NASDAQ Capital Market,https://www.prnewswire.com/news-releases/nutriband-inc-prices-6-6-million-public-offering-and-announces-uplisting-to-the-nasdaq-capital-market-301389900.html
"Oct 01, 2021, 12:00 "," Guardforce AI Co., Ltd. Announces Closing of $15 Million Underwritten Public Offering",https://www.prnewswire.com/news-releases/guardforce-ai-co-ltd-announces-closing-of-15-million-underwritten-public-offering-301389578.html
"Oct 01, 2021, 12:00 "," RollWorks Continues Record Business Growth, Names Mihir Nanavati to President",https://www.prnewswire.com/news-releases/rollworks-continues-record-business-growth-names-mihir-nanavati-to-president-301389461.html
